{
  "locations": [
    {
      "name": "Solok",
      "image": "https://jadesta.com/imgpost/24097.jpg",
      "description": "Solok dikenal dengan keindahan alamnya yang menakjubkan, seperti Danau Singkarak dan perkebunan teh yang luas. Kota ini juga menjadi destinasi favorit bagi pecinta alam dan fotografi.",
      "categories": ["Alam", "Kuliner", "Budaya"]
    },
    {
      "name": "Padang",
      "image": "https://dynamic-media-cdn.tripadvisor.com/media/photo-o/01/1a/3c/ea/caption.jpg?w=1200&h=-1&s=1",
      "description": "Padang, ibu kota Sumatera Barat, menawarkan pesona pantai yang memukau serta kekayaan kuliner yang tak tertandingi. Tidak lupa, Padang juga memiliki pusat sejarah dan budaya yang kaya.",
      "categories": ["Pantai", "Kuliner", "Sejarah"]
    },
    {
      "name": "Bukittinggi",
      "image": "https://www.djkn.kemenkeu.go.id/files/images/2023/06/62f098752ad92.jpg",
      "description": "Bukittinggi terkenal dengan Jam Gadang, ikon sejarah yang dikelilingi oleh keindahan alam dan kebudayaan Minangkabau. Wisatawan dapat menikmati suasana kota yang sejuk dan pemandangan alam yang indah.",
      "categories": ["Sejarah", "Alam", "Budaya"]
    },
    {
      "name": "Pariaman",
      "image": "https://indonesiakaya.com/wp-content/uploads/2020/10/Pantai_Gandoriah_1200.jpg",
      "description": "Pariaman terkenal dengan Pantai Gandoriah yang mempesona dan tradisi Tabuik yang unik. Keindahan pantainya menjadikannya tujuan favorit bagi wisatawan lokal maupun internasional.",
      "categories": ["Pantai", "Budaya", "Sejarah"]
    },
    {
      "name": "Payakumbuh",
      "image": "https://asset.kompas.com/crops/j39cRNXE6Rl3POmY1tGHucCLvTE=/0x0:1000x667/750x500/data/photo/2023/09/25/6510f8f1df1ce.jpg",
      "description": "Payakumbuh dikelilingi oleh perbukitan hijau dan merupakan pusat kuliner dengan masakan khas Minang yang lezat. Kota ini juga menjadi tempat ideal untuk menikmati suasana pedesaan yang asri.",
      "categories": ["Alam", "Kuliner", "Budaya"]
    },
    {
      "name": "Sawahlunto",
      "image": "https://www.gentaandalas.com/wp-content/uploads/2023/06/IMG-20230602-WA0032.jpg",
      "description": "Sawahlunto adalah kota tambang yang bersejarah, dengan warisan budaya dan museum tambang yang menarik. Kota ini juga memiliki banyak bangunan tua bersejarah yang masih terjaga dengan baik.",
      "categories": ["Sejarah", "Budaya", "Pendidikan"]
    },
    {
      "name": "Batusangkar",
      "image": "https://jurnalpost.com/wp-content/uploads/2023/07/Batusangkar.webp",
      "description": "Batusangkar adalah pusat budaya Minangkabau dengan banyak situs sejarah seperti Istano Basa Pagaruyung. Kota ini menjadi destinasi utama untuk wisata sejarah dan arsitektur tradisional.",
      "categories": ["Budaya", "Sejarah", "Alam"]
    },
    {
      "name": "Padang Panjang",
      "image": "https://upload.wikimedia.org/wikipedia/commons/e/e5/Padang_Panjang_Train_-_Sawahlunto.jpg",
      "description": "Padang Panjang memiliki pemandangan alam yang menakjubkan, seperti Air Terjun Lembah Anai dan kebun teh. Kota ini sering disebut sebagai 'Mesin Budaya Minangkabau' karena kaya akan seni dan tradisi.",
      "categories": ["Alam", "Sejarah", "Budaya"]
    }
  ],
  "Destinations": [
    {
      "name": "Danau Singkarak",
      "location": "Solok",
      "image": "https://tribratanews.polri.go.id/web/image/blog.post/62825/image",
      "rating": 4.7,
      "reviews": 340
    },
    {
      "name": "Nagari 1000 Rumah Gadang",
      "location": "Padang",
      "image": "https://upload.wikimedia.org/wikipedia/commons/7/7b/Seribu_Rumah_Gadang.jpg",
      "rating": 5.0,
      "reviews": 340
    },
    {
      "name": "Istano Basa Pagaruyung",
      "location": "Pagaruyung",
      "image": "https://static.promediateknologi.id/crop/0x0:0x0/0x0/webp/photo/p2/172/2023/10/17/antarafoto-libur-lebaran-istano-basa-pagaruyung-040522-ief-3-393903641.jpg",
      "rating": 3.0,
      "reviews": 340
    },
    {
      "name": "Lembah Harau",
      "location": "50 Kota",
      "image": "https://pirantitravel.id/wp-content/uploads/2019/06/PAKET-WISATA-SUMATRA-BARAT-5D4N.jpg",
      "rating": 2.0,
      "reviews": 340
    },
    {
      "name": "Pantai Air Manis",
      "location": "Padang",
      "image": "https://garuda.industry.co.id/uploads/berita/detail/22776.jpg",
      "rating": 4.5,
      "reviews": 290
    },
    {
      "name": "Jam Gadang",
      "location": "Bukittinggi",
      "image": "https://cdn.idntimes.com/content-images/community/2022/03/fromandroid-b90ab9bb418c17b4c284fa217e21778f.jpg",
      "rating": 4.8,
      "reviews": 450
    },
    {
      "name": "Pantai Padang",
      "location": "Padang",
      "image": "https://ik.imagekit.io/tvlk/blog/2020/01/shutterstock_435665278.jpg",
      "rating": 4.0,
      "reviews": 380
    },
    {
      "name": "Janjang Saribu",
      "location": "Bukittinggi",
      "image": "https://asset-2.tstatic.net/travel/foto/bank/images/janjang-bukit-tinggi.jpg",
      "rating": 4.2,
      "reviews": 320
    },
    {
      "name": "Nagari 1000 Rumah Gadang",
      "location": "Padang",
      "image": "https://upload.wikimedia.org/wikipedia/commons/7/7b/Seribu_Rumah_Gadang.jpg",
      "rating": 5.0,
      "reviews": 340
    },
    {
      "name": "Danau Singkarak",
      "location": "Solok",
      "image": "https://tribratanews.polri.go.id/web/image/blog.post/62825/image",
      "rating": 4.7,
      "reviews": 340
    },
    {
      "name": "Nagari 1000 Rumah Gadang",
      "location": "Padang",
      "image": "https://upload.wikimedia.org/wikipedia/commons/7/7b/Seribu_Rumah_Gadang.jpg",
      "rating": 5.0,
      "reviews": 340
    },
    {
      "name": "Lembah Harau",
      "location": "50 Kota",
      "image": "https://pirantitravel.id/wp-content/uploads/2019/06/PAKET-WISATA-SUMATRA-BARAT-5D4N.jpg",
      "rating": 2.0,
      "reviews": 340
    }
  ]
}
